nome,imagem,preco,decimal
Camisa Santos I 20/21 s/n° Torcedor Umbro Masculina,https://www.netshoes.com.br/camisa-santos-i-2021-sn-torcedor-umbro-masculina-branco-D21-6218-044,R$ 259,99
Camisa Santos I 19/20 s/nº Torcedor Umbro Masculina,https://www.netshoes.com.br/camisa-santos-i-1920-sn-torcedor-umbro-masculina-branco-D21-3396-112,R$ 259,99
Camisa Santos II 20/21 s/n° Torcedor Umbro Masculina,https://www.netshoes.com.br/camisa-santos-ii-2021-sn-torcedor-umbro-masculina-branco+preto-D21-6213-028,R$ 259,99
Camisa Santos II 2019 s/n° Torcedor Umbro Masculina,https://www.netshoes.com.br/camisa-santos-ii-2019-sn-torcedor-umbro-masculina-branco+preto-D21-2779-026,R$ 259,99
Camisa Umbro Santos OF 1 2018 Junior,https://www.netshoes.com.br/camisa-umbro-santos-of-1-2018-junior-branco+dourado-D21-2386-032,R$ 259,99
Camisa Santos III 19/20 s/n° - Torcedor Umbro Masculina,https://www.netshoes.com.br/camisa-santos-iii-1920-sn-torcedor-umbro-masculina-preto+prata-D21-4636-038,R$ 259,99
Camisa Retrô Santos Pelé Masculina,https://www.netshoes.com.br/camisa-retro-santos-pele-masculina-branco-AJM-0249-014,R$ 259,99
Camisa Santos I 20/21 s/n° Torcedor Umbro Feminina,https://www.netshoes.com.br/camisa-santos-i-2021-sn-torcedor-umbro-feminina-branco-D21-6223-044,R$ 259,99
Camisa Santos Retrô Cordinha Masculina,https://www.netshoes.com.br/camisa-santos-retro-cordinha-masculina-preto-T70-0674-006,R$ 259,99
Camisa Santos II 20/21 s/n° Torcedor Umbro Feminina,https://www.netshoes.com.br/camisa-santos-ii-2021-sn-torcedor-umbro-feminina-branco+preto-D21-6216-028,R$ 259,99
Camisa Santos II 2019 s/nº Torcedor Umbro Feminina,https://www.netshoes.com.br/camisa-santos-ii-2019-sn-torcedor-umbro-feminina-branco+preto-D21-2776-026,R$ 259,99
Camisa de Goleiro Santos 20/21 n° 1 Torcedor Umbro Masculina,https://www.netshoes.com.br/camisa-de-goleiro-santos-2021-n-1-torcedor-umbro-masculina-preto+grafite-D21-6225-304,R$ 259,99
Camisa Umbro Santos II 2020 N°10 Masculina,https://www.netshoes.com.br/camisa-umbro-santos-ii-2020-n10-masculina-preto-D21-6283-006,R$ 259,99
Camisa Santos Retrô Bimundial Listrada Juvenil Masculina,https://www.netshoes.com.br/camisa-santos-retro-bimundial-listrada-juvenil-masculina-preto-T70-0735-006,R$ 259,99
Camisa Santos 20/21 Aquecimento Umbro Masculina,https://www.netshoes.com.br/camisa-santos-2021-aquecimento-umbro-masculina-azul-D21-5903-008,R$ 259,99
Camisa Umbro Santos Concentração 2020 Masculina,https://www.netshoes.com.br/camisa-umbro-santos-concentracao-2020-masculina-branco-D21-6025-014,R$ 259,99
Camisa Umbro Santos I 2020 N°10 Masculina,https://www.netshoes.com.br/camisa-umbro-santos-i-2020-n10-masculina-branco-D21-6282-014,R$ 259,99
Camisa Santos I 19/20 s/nº Torcedor Umbro Feminina,https://www.netshoes.com.br/camisa-santos-i-1920-sn-torcedor-umbro-feminina-branco+prata-D21-3410-112,R$ 259,99
Camisa Santos Juvenil I 20/21 s/n° Torcedor Umbro,https://www.netshoes.com.br/camisa-santos-juvenil-i-2021-sn-torcedor-umbro-branco+azul-D21-6215-044,R$ 259,99
Camisa Santos Treino 20/21 Umbro Masculina,https://www.netshoes.com.br/camisa-santos-treino-2021-umbro-masculina-azul+preto-D21-5906-108,R$ 259,99
Camisa de Goleiro Santos II 2019 Torcedor Umbro Masculina,https://www.netshoes.com.br/camisa-de-goleiro-santos-ii-2019-torcedor-umbro-masculina-preto-D21-2781-006,R$ 259,99
Camisa Santos Retrô 1969 Milésimo Gol Pelé Masculina,https://www.netshoes.com.br/camisa-santos-retro-1969-milesimo-gol-pele-masculina-branco-AJM-0314-014,R$ 259,99
Camisa Polo Santos Viagem 20/21 Umbro Masculina,https://www.netshoes.com.br/camisa-polo-santos-viagem-2021-umbro-masculina-preto-D21-5908-006,R$ 259,99
Camisa Santos Juvenil I 19/20 s/nº Torcedor Umbro,https://www.netshoes.com.br/camisa-santos-juvenil-i-1920-sn-torcedor-umbro-branco+prata-D21-3404-112,R$ 259,99
Camisa de Goleiro Santos 20/21 n° 1 Torcedor Umbro Masculina,https://www.netshoes.com.br/camisa-de-goleiro-santos-2021-n-1-torcedor-umbro-masculina-azul+preto-D21-6225-108,R$ 259,99
Camisa Santos Retrô Bicampeão 62/63,https://www.netshoes.com.br/camisa-santos-retro-bicampeao-6263-branco-AJM-0294-014,R$ 259,99
Camisa Santos Retrô Bimundial,https://www.netshoes.com.br/camisa-santos-retro-bimundial-branco-T70-0672-014,R$ 259,99
Camisa Santos Juvenil 1963 Bi Mundial Retrô Mania,https://www.netshoes.com.br/camisa-santos-juvenil-1963-bi-mundial-retro-mania-branco-T70-0653-014,R$ 259,99
Camisa Santos Juvenil 1963 Bi Mundial Retrô Mania,https://www.netshoes.com.br/camisa-santos-juvenil-1963-bi-mundial-retro-mania-preto+branco-T70-0646-026,R$ 259,99
Camisa Santos Juvenil II 20/21 s/n° Torcedor Umbro,https://www.netshoes.com.br/camisa-santos-juvenil-ii-2021-sn-torcedor-umbro-branco+preto-D21-6219-028,R$ 259,99
Camisa Santos 1963 Retrô Mania Feminina,https://www.netshoes.com.br/camisa-santos-1963-retro-mania-feminina-branco-T70-0661-014,R$ 259,99
Camisa Santos Retrô O Rei 10 Masculina,https://www.netshoes.com.br/camisa-santos-retro-o-rei-10-masculina-branco-T70-0716-014,R$ 259,99
Camisa Santos 1963 Listrada Retrô Mania Feminina,https://www.netshoes.com.br/camisa-santos-1963-listrada-retro-mania-feminina-preto+branco-T70-0658-026,R$ 259,99
Camisa Umbro Santos I 2019,https://www.netshoes.com.br/camisa-umbro-santos-i-2019-branco-D21-6324-014,R$ 259,99
Camisa de Goleiro Santos 19/20 s/n° Torcedor Umbro Feminina,https://www.netshoes.com.br/camisa-de-goleiro-santos-1920-sn-torcedor-umbro-feminina-preto-D21-6249-006,R$ 259,99
Camisa Santos I 20/21 s/n° Estádio Umbro Feminina,https://www.netshoes.com.br/camisa-santos-i-2021-sn-estadio-umbro-feminina-branco-D21-6212-014,R$ 259,99
Camisa Santos Infantil II 2019 s/nº Torcedor Umbro,https://www.netshoes.com.br/camisa-santos-infantil-ii-2019-sn-torcedor-umbro-preto+branco-D21-2764-026,R$ 259,99
Camisa Santos Retrô 1962 Masculina,https://www.netshoes.com.br/camisa-santos-retro-1962-masculina-branco-AJM-0315-014,R$ 259,99
Camisa Polo Santos Viagem 20/21 Umbro Masculina,https://www.netshoes.com.br/camisa-polo-santos-viagem-2021-umbro-masculina-branco-D21-5908-014,R$ 259,99
Camisa Santos Juvenil III 2018 n° 10 - Torcedor Umbro,https://www.netshoes.com.br/camisa-santos-juvenil-iii-2018-n-10-torcedor-umbro-dourado+preto-D21-2489-026,R$ 259,99
Camisa Santos II 20/21 s/n° Estádio Umbro Feminina,https://www.netshoes.com.br/camisa-santos-ii-2021-sn-estadio-umbro-feminina-branco+preto-D21-6217-028,R$ 259,99
Camisa Retrô Santos 1956 Masculina,https://www.netshoes.com.br/camisa-retro-santos-1956-masculina-preto-AJM-0292-006,R$ 259,99
